<?xml version="1.0" encoding="UTF-8"?>
<!DOCTYPE suite SYSTEM "https://testng.org/testng-1.0.dtd">
<suite name="Suite" parallel="tests">
	<test name="ChromeTest">
		<parameter name="browser" value="Chrome" />
		<classes>
		
		<!-- TestRegistration -->
			<class name="TestRegistration.TestClientPage2" />
		</classes>
	</test>

	<test name="FirefoxTest">
		<parameter name="browser" value="Firefox" />
		<classes>
		
		<!-- TestRegistration -->
			<class name="TestRegistration.TestClientPage2" />
		</classes>

	</test>
	<test name="EdgeTest">
		<parameter name="browser" value="Edge" />
		<classes>
		
		<!-- TestRegistration -->
			<class name="TestRegistration.TestClientPage2" />
		</classes>
	</test>


</suite> <!-- Suite -->